{
	"displayName": "Saw Blade",
	"size": [32,32],
	"maxStack": 1,
	"value": [0,5,0,0],	
	"rare": 1,
	"tooltip": ["'Watch your fingers.'"],
	"useStyle": 1,
	"useAnimation": 15,
	"useTime": 15,
	"damage": 22,
	"knockback": 8,
	"useSound": 1,
	"melee": true,	
	"shoot": "sawblade",
	"shootSpeed": 10,
	"noUseGraphic": true,
	"noMelee": true,
    
    "code": "Items.GenericBoomerang",
	
	"recipes":
	[{
		"items": {
            "g:barSteel": 30
        }, 
		"tiles": [ "Anvil" ], 
		"creates": 1	
	}]
}