{
	"displayName": "Mageblade",
	"size": [40,40],
    "scale": 1.2,
	"maxStack": 1,
	"value": [0,1,0,0],	
	"rare": 3,
	"tooltip": ["Pierces target's defense"],
	"useStyle": 1,
	"useAnimation": 40,
	"useTime": 80,
	"damage": 32,
	"knockback": 10,
	"useSound": 9,
	"autoReuse": false,
	"useTurn": true,
	"magic": true,
    "mana": 8,

    "code": "Items.MagicSword",

	"recipes":
	[{
		"items": {
            "manablade": 1,
            "Magic Power Potion": 5,
            "Mana Crystal": 2
        }, 
		"tiles": [], 
		"creates": 1	
	}]
}