{
	"displayName": "Manablade",
	"size": [32,32],
    "scale": 1.2,
	"maxStack": 1,
	"value": [0,0,50,0],	
	"rare": 1,
	"tooltip": ["Pierces target's defense"],
	"useStyle": 1,
	"useAnimation": 40,
	"useTime": 80,
	"damage": 14,
	"knockback": 7,
	"useSound": 9,
	"autoReuse": false,
	"useTurn": true,
	"magic": true,
    "mana": 5,

    "code": "Items.MagicSword",

	"recipes":
	[{
		"items": {
            "Wooden Sword": 1,
            "Mana Crystal": 1
        }, 
		"tiles": [], 
		"creates": 1	
	}]
}