{
	"displayName": "Soulblade",
	"size": [48,48],
    "scale": 1.2,
	"maxStack": 1,
	"value": [0,50,0,0],	
	"rare": 5,
	"tooltip": ["Pierces target's defense"],
	"useStyle": 1,
	"useAnimation": 40,
	"useTime": 80,
	"damage": 51,
	"knockback": 14,
	"useSound": 9,
	"autoReuse": false,
	"useTurn": true,
	"magic": true,
    "mana": 10,

    "code": "Items.MagicSword",

	"recipes":
	[{
		"items": {
            "mageblade": 1,
            "Soul of Light": 10,
            "Soul of Night": 10,
            "Mana Crystal": 5
        }, 
		"tiles": [], 
		"creates": 1	
	}]
}