{
	"displayName": "Green Blazesaber",
	"size": [40,40],
    "scale": 1.2,
	"maxStack": 1,
	"value": [0,20,0,0],	
	"rare": 5,
	"tooltip": ["Inflicts target with cursed flames"],
	"useStyle": 1,
	"useAnimation": 25,
	"useTime": 50,
	"damage": 54,
	"knockback": 4,
	"useSound": 15,
	"autoReuse": true,
	"useTurn": true,
	"melee": true,	

    "code": "Items.GenericDebuffGlowing",
    "debuff": 39,
    "debuffTime": 600,
    "glow": [0.05, 0.5, 0.1],

	"recipes":
	[{
		"items": {
            "Green Phasesaber": 1,
            "Cursed Flame": 50,
            "Soul of Might": 20
        }, 
		"tiles": [ "Mythril or Orichalcum Anvil" ], 
		"creates": 1	
	}]
}