{
	"displayName": "Yin Yang Boomerang",
	"size": [34,34],
	"maxStack": 1,
	"value": [0,5,0,0],	
	"rare": 4,
	"tooltip": ["Passes through solid walls", "Picks up items"],
	"useStyle": 1,
	"useAnimation": 7,
	"useTime": 7,
	"damage": 55,
	"knockback": 0,
	"useSound": 1,
	"melee": true,	
	"shoot": "yinyangprojectile",
	"shootSpeed": 8,
	"noUseGraphic": true,
	"noMelee": true,
    
    "code": "Items.GenericBoomerang",
	
	"recipes":
	[{
		"items": {
            "Light Shard": 2,
            "Dark Shard": 2,
            "Soul of Light": 50,
            "Soul of Night": 50
        }, 
		"tiles": [ "Mythril or Orichalcum Anvil" ], 
		"creates": 1	
	}]
}