{ 
	"displayName": "Clockwork Chainshot",
	"size": [64,24],
	"maxStack": 1,
	"value": [2,0,0,0],
	"rare": 5,
	"tooltip": [ "33% chance to not consume ammo", "'Two guns, one trigger. Beat that sharky.'" ],
	"useStyle": 5,
	"useAnimation": 10,
	"useTime": 10,
	"damage": 27,
    "crit": 12,
	"knockback": 3,
	"useSound": 31,
	"autoReuse": true,
	"noMelee": true,
	"ranged": true,
    "shoot": 10,
    "shootSpeed": 10,
	"useAmmo": 14,

    "code": "Items.GenericGun",
    "barrelCount": 2,
    "barrelSpace": 24,
    "shootSound": 36,
    "spread": 10,
    "ammoChance": 3,

	"recipes":
	[{
		"items": {
            "clockworkSpinshot": 1,
            "Clockwork Assault Rifle": 1,
            "Illegal Gun Parts": 2,
            "Soul of Light": 20,
            "Soul of Night": 20
        },
		"tiles": [ "Mythril or Orichalcum Anvil" ],
		"creates": 1
	}]
}