{ 
	"displayName": "Clockwork Gigashark",
	"size": [74,44],
	"maxStack": 1,
	"value": [5,0,0,0],
	"rare": 6,
	"tooltip": [ "50% chance to not consume ammo", "'Let's just call it the \"Clash of the Titans\".'" ],
	"useStyle": 5,
	"useAnimation": 4,
	"useTime": 4,
	"damage": 34,
    "crit": 12,
	"knockback": 3,
	"useSound": 31,
	"autoReuse": true,
	"noMelee": true,
	"ranged": true,
    "shoot": 10,
    "shootSpeed": 10,
	"useAmmo": 14,

    "code": "Items.GenericGun",
    "barrelCount": 2,
    "barrelSpace": 24,
    "shootSound": 36,
    "spread": 10,
    "ammoChance": 2,

	"recipes":
	[{
		"items": {
            "clockworkChainshot": 1,
            "Megashark": 1,
            "Hallowed Bar": 50,
            "g:barEvil": 50
        },
		"tiles": [ "Mythril or Orichalcum Anvil" ],
		"creates": 1
	}]
}