{ 
	"displayName": "Clockwork Spinshot",
	"size": [50,17],
	"maxStack": 1,
	"value": [1,20,0,0],
	"rare": 4,
	"tooltip": [ "20% chance to not consume ammo", "'A few illegal parts and copper gears later, now an automatic musket!'" ],
	"useStyle": 5,
	"useAnimation": 20,
	"useTime": 20,
	"damage": 18,
    "crit": 12,
	"knockback": 3,
	"useSound": 31,
	"autoReuse": true,
	"noMelee": true,
	"ranged": true,
    "shoot": 10,
    "shootSpeed": 10,
	"useAmmo": 14,

    "code": "Items.GenericGun",
    "shootSound": 36,
    "spread": 10,
    "ammoChance": 5,

	"recipes":
	[{
		"items": {
            "Musket": 1,
            "Illegal Gun Parts": 2,
            "Copper Bar": 50
        },
		"tiles": [ "Anvil" ],
		"creates": 1
	},{
		"items": {
            "The Undertaker": 1,
            "Illegal Gun Parts": 2,
            "Copper Bar": 50
        },
		"tiles": [ "Anvil" ],
		"creates": 1
	}]
}