{
	"itemGroups": [
        {
            "name": "gem",
            "displayName": "Any Gem",
            "displayItem": "Amber",
            "items":[
                "Amber",
                "Amethyst",
                "Diamond",
                "Emerald",
                "Ruby",
                "Sapphire",
                "Topaz"
            ]
        },
        {
            "name": "barSteel",
            "displayName": "Steel Bar",
            "displayItem": "barSteel",
            "items":[
                "barCarbide",
                "barDamascus",
                "barSteel"
            ]
        },
        {
            "name": "barEvil",
            "displayName": "Defiled or Infested Bar",
            "displayItem": "barDefiled",
            "items":[
                "barDefiled",
                "barInfested"
            ]
        },
        {
            "name": "shotTier1",
            "displayName": "Copper or Tin Shot",
            "displayItem": "shotCopper",
            "items":[
                "shotCopper",
                "shotTin"
            ]
        },
        {
            "name": "shotTier2",
            "displayName": "Iron or Lead Shot",
            "displayItem": "shotIron",
            "items":[
                "shotIron",
                "shotLead"
            ]
        }/*,
		{
			"name": "blazesaber",
			"displayName": "Blazesaber",
			"displayItem": "blazesaberPurple",
			"items":[
                "blazesaberBlue",
                "blazesaberGreen",
                "blazesaberPurple",
                "blazesaberRed",
                "blazesaberWhite",
                "blazesaberYellow"
            ]
		},
		{
			"name": "glazesaber",
			"displayName": "Glazesaber",
			"displayItem": "glazesaberPurple",
			"items":[
                "glazesaberBlue",
                "glazesaberGreen",
                "glazesaberPurple",
                "glazesaberRed",
                "glazesaberWhite",
                "glazesaberYellow"
            ]
		}*/
	]
}