{
	"displayName": "Rubber Mallet",
	"size": [32,32],
    "scale": 1,
	"maxStack": 1,
	"value": [0,0,10,0],	
	"rare": 0,
	"tooltip": ["'It's like a bouncy castle on a stick!'"],
	"useStyle": 1,
	"useAnimation": 33,
	"useTime": 33,
	"damage": 1,
	"knockback": 32,
	"useSound": 1,
	"autoReuse": true,
	"useTurn": true,
	"melee": true,	

	"recipes":
	[{
		"items": {
            "rubber": 20,
            "g:Wood": 4
        }, 
		"tiles": [ "Work Bench" ], 
		"creates": 1	
	}]
}