{
	"displayName": "Burning Rubber",
	"size": [36,36],
	"maxStack": 1,
	"value": [0,2,0,0],	
	"rare": 1,
	"tooltip": ["'Flame on!'"],
	"useStyle": 1,
	"useAnimation": 15,
	"useTime": 15,
	"damage": 20,
	"knockback": 22,
	"useSound": 1,
	"melee": true,	
	"shoot": "tireBurning",
	"shootSpeed": 8,
	"noUseGraphic": true,
	"noMelee": true,
    
    "code": "Items.GenericBoomerang",
	
	"recipes":
	[{
		"items": {
            "tireRubber": 1,
            "Hellstone Bar": 15
        }, 
		"tiles": [ "Anvil" ], 
		"creates": 1	
	}]
}