{
	"displayName": "Rubber Tire",
	"size": [36,36],
	"maxStack": 1,
	"value": [0,1,0,0],	
	"rare": 0,
	"tooltip": ["'Boing!'"],
	"useStyle": 1,
	"useAnimation": 15,
	"useTime": 15,
	"damage": 8,
	"knockback": 22,
	"useSound": 1,
	"melee": true,	
	"shoot": "tireRubber",
	"shootSpeed": 8,
	"noUseGraphic": true,
	"noMelee": true,
    
    "code": "Items.GenericBoomerang",
	
	"recipes":
	[{
		"items": {
            "rubber": 30,
            "g:barSteel": 4
        }, 
		"tiles": [ "Anvil" ], 
		"creates": 1	
	}]
}