{
	"displayName": "Red Glazesaber",
	"size": [40,40],
    "scale": 1.2,
	"maxStack": 1,
	"value": [0,20,0,0],	
	"rare": 5,
	"tooltip": ["Decreases target's defense"],
	"useStyle": 1,
	"useAnimation": 25,
	"useTime": 50,
	"damage": 54,
	"knockback": 4,
	"useSound": 15,
	"autoReuse": true,
	"useTurn": true,
	"melee": true,	

    "code": "Items.GenericDebuffGlowing",
    "debuff": 69,
    "debuffTime": 240,
    "glow": [0.45, 0.45, 0.05],

	"recipes":
	[{
		"items": {
            "Red Phasesaber": 1,
            "Ichor": 50,
            "Soul of Might": 20
        }, 
		"tiles": [ "Mythril or Orichalcum Anvil" ], 
		"creates": 1	
	}]
}