{
	"displayName": "Crucible",
	"size": [16,16],
	"maxStack": 99,
	"value": [0,10,0,0],	
	"rare": 0,
    "tooltip": ["Used for creating alloys"],
	"useStyle": 1,
	"useAnimation": 15,
	"useTime": 10,
	"autoReuse": true,
	"useTurn": true,
	"createTile": "crucible",
	"consumable": true,
	
	"recipes":
    [{
        "items": {
            "Stone Block": 25,
            "Clay Block": 25,
            "g:Wood": 10,
            "Torch": 5
        }, 
        "tiles": [ "Work Bench" ], 
        "creates": 1	
    }]
}