{
	"displayName": "Crushinator",
	"size": [16,16],
	"maxStack": 99,
	"value": [0,10,0,0],	
	"rare": 0,
    "tooltip": ["Turns ores/wood into dust/pulp.", "'To use: Place ores/wood in the crushinator'"],
	"useStyle": 1,
	"useAnimation": 15,
	"useTime": 10,
	"autoReuse": true,
	"useTurn": true,
	"createTile": "crushinator",
	"consumable": true,
	
	"recipes":
    [{
        "items": {
            "g:barSteel": 50,
            "Wire": 50,
            "g:gem": 20
        }, 
        "tiles": [ "Work Bench" ], 
        "creates": 1	
    }]
}